<?xml version="1.0" encoding="UTF-8"?>
<launch>
  <arg name="vehicle_id" default="$(env VEHICLE_ID default)"/>
  <arg name="launch_pacmod" default="true" description="do launch pacmod interface"/>
  <arg name="launch_vehicle" default="true" description="do launch vehicle can interface"/>

  <group if="$(var launch_pacmod)">
    <include file="$(find-pkg-share diapp_pacmod_interface_s12n01)/launch/pacmod_interface.launch.xml"/>
    <include file="$(find-pkg-share diapp_pacmod3_s12n01)/launch/pacmod3.launch.xml"/>
  </group>

  <group if="$(var launch_vehicle)">
    <include file="$(find-pkg-share diapp_s12n01_can_rx_tx)/launch/diapp_s12n01_can_rx_tx.launch.xml"/>
    <!-- <include file="$(find-pkg-share raw_vehicle_cmd_converter)/launch/raw_vehicle_converter.launch.xml"/> -->
  </group>
</launch>

